Keyword;Position;Search Volume;Url;Traffic (%)
simulazione tasse nuovi frontalieri;1;90;https://frontaliereticino.ch/;23.40
chiasso grenze;2;70;https://www.frontaliereticino.ch/de/grenzgaenger-ratgeber/wartezeiten-grenze/chiasso-strada;4.25
grenze chiasso;3;70;https://www.frontaliereticino.ch/de/grenzgaenger-ratgeber/wartezeiten-grenze/chiasso-brogeda/;4.25
calcolo stipendio netto frontaliere;4;70;https://frontaliereticino.ch/;8.51
guess stabio;5;110;https://frontaliereticino.ch/cerca-lavoro-ticino/sviluppatore-prodotto-abbigliamento-guess-europe-sagl-stabio/;2.12
requisiti naspi frontalieri svizzeri;5;260;https://www.frontaliereticino.ch/articoli-frontaliere/naspi-ex-frontalieri-2026;19.14
roggiana;6;170;https://frontaliereticino.ch/guida-frontaliere/tempi-attesa-dogana/maslianico-roggiana;10.63
costo vita svizzera vs italia;7;70;https://www.frontaliereticino.ch/compara-servizi/costo-della-vita/;2.12
lugano infermieri lavoro;9;90;https://frontaliereticino.ch/cerca-lavoro-ticino/infermieri-lis-lugano-istituti-sociali-lugano/;2.12
concorso lugano;9;70;https://frontaliereticino.ch/cerca-lavoro-ticino/concorsi-per-l-assunzione-di-personale-citta-di-lugano-lugano/;2.12
lavoro lugano infermiere;10;90;https://frontaliereticino.ch/cerca-lavoro-ticino/infermieri-lis-lugano-istituti-sociali-lugano/;2.12
traffico dogana chiasso;10;90;https://frontaliereticino.ch/guida-frontaliere/tempi-attesa-dogana/chiasso-centro/;2.12
candidato medico svizzera;10;170;https://www.frontaliereticino.ch/cerca-lavoro-ticino/candidato-medico-medicina-interna-e-o-medicina-intensiva-eoc-ente-ospedaliero-cantonale-bellinzona/;6.38
frontiera chiasso;10;110;https://frontaliereticino.ch/guida-frontaliere/tempi-attesa-dogana/chiasso-centro/;0.00
educatore ticino;11;70;https://frontaliereticino.ch/cerca-lavoro-ticino/educatori-dell-infanzia/;0.00
calcolo tasse frontalieri oltre 20 km;11;110;https://www.frontaliereticino.ch/;0.00
costo vita svizzera vs italia;11;70;https://www.frontaliereticino.ch/compara-servizi/costo-della-vita/;0.00
offerte lavoro oss svizzera;12;170;https://www.frontaliereticino.ch/cerca-lavoro-ticino/oss-ticino/;2.12
casale lugano;13;170;https://frontaliereticino.ch/cerca-lavoro-ticino/spedizione-casale-sa-lugano-ticino/;0.00
case anziani ticino offerte di lavoro;13;210;https://frontaliereticino.ch/cerca-lavoro-ticino/concorso-generale-2026-oscam-ospedale-e-casa-anziani-malcantonese-castelrotto/;2.12
offerte di lavoro per oss in svizzera;13;140;https://www.frontaliereticino.ch/cerca-lavoro-ticino/oss-ticino/;0.00
offerte lavoro eoc;13;210;https://www.frontaliereticino.ch/cerca-lavoro-ticino/ricerca-locarno-eoc-ente-ospedaliero-cantonale/;0.00
offerte di lavoro oss svizzera;13;170;https://www.frontaliereticino.ch/cerca-lavoro-ticino/oss-ticino/;0.00
casa serena lugano offerte di lavoro;14;110;https://www.frontaliereticino.ch/cerca-lavoro-ticino/collaboratori-sanitari/;0.00
mappa confine italia svizzera;14;260;https://frontaliereticino.ch/guida-frontaliere/mappa-confine/;2.12
clinica moncucco offerte lavoro;14;140;https://frontaliereticino.ch/cerca-lavoro-ticino/emergency-room-doctor-gruppo-ospedaliero-moncucco-lugano/;0.00
frontalieri disoccupazione;14;140;https://frontaliereticino.ch/guida-frontaliere/disoccupazione-transfrontaliera/;0.00
lavoro mendrisio part time;14;140;https://frontaliereticino.ch/cerca-lavoro-ticino/ricerca-mendrisio-part-time/;0.00
disoccupazione per frontalieri;14;110;https://www.frontaliereticino.ch/guida-frontaliere/disoccupazione-transfrontaliera/;0.00
infermiere lugano lavoro;15;90;https://frontaliereticino.ch/cerca-lavoro-ticino/infermieri-lis-lugano-istituti-sociali-lugano/;0.00
offerte di lavoro infermieri lugano;16;110;https://frontaliereticino.ch/cerca-lavoro-ticino/infermieri-lis-lugano-istituti-sociali-lugano/;0.00
infermiere a lugano;16;110;https://frontaliereticino.ch/cerca-lavoro-ticino/infermieri-lis-lugano-istituti-sociali-lugano/;0.00
mendrisio lavoro part time;16;170;https://frontaliereticino.ch/cerca-lavoro-ticino/ricerca-mendrisio-part-time/;0.00
permesso g nuova procedura;16;90;https://frontaliereticino.ch/articoli-frontaliere/apprendisti-frontalieri-riforma-permesso-g/;0.00
offerte di lavoro educatore svizzera;16;90;https://frontaliereticino.ch/cerca-lavoro-ticino/educatori-ticino/;0.00
cliniche private ticino offerte lavoro oss;16;140;https://www.frontaliereticino.ch/cerca-lavoro-ticino/oss-ticino/;0.00
oss ticino offerte lavoro;17;70;https://www.frontaliereticino.ch/cerca-lavoro-ticino/oss-ticino/;0.00
offerte lavoro educatore svizzera;17;90;https://frontaliereticino.ch/cerca-lavoro-ticino/educatori-ticino/;0.00
festa canton ticino;17;210;https://frontaliereticino.ch/tasse-e-pensione/festivita-ticino/;0.00
educatori in svizzera;18;140;https://frontaliereticino.ch/cerca-lavoro-ticino/educatori-dell-infanzia/;0.00
nomi ditte in svizzera che assumono;18;90;https://www.frontaliereticino.ch/vivere-in-ticino/aziende-svizzera-italiana/;0.00
traffico dogana chiasso;18;90;https://frontaliereticino.ch/guida-frontaliere/tempi-attesa-dogana/;0.00
mutuo frontalieri;18;70;https://www.frontaliereticino.ch/articoli-frontaliere/mutuo-casa-frontalieri-italia/;0.00
concorso lugano;18;70;https://frontaliereticino.ch/cerca-lavoro-ticino/concorsi-per-l-assunzione-di-personale-citta-di-lugano-lugano/;0.00
pemsa lugano;18;210;https://frontaliereticino.ch/cerca-lavoro-ticino/ricerca-lugano-pemsa/;0.00
aziende in canton ticino;19;90;https://www.frontaliereticino.ch/vivere-in-ticino/aziende-svizzera-italiana;0.00
guess stabio;19;110;https://frontaliereticino.ch/cerca-lavoro-ticino/merchandiser-di-prodotti-guess-europe-sagl-stabio/;0.00
lavorare come psicologo in svizzera con laurea italiana;19;110;https://frontaliereticino.ch/cerca-lavoro-ticino/psicologo-a-assistente-per-l-abilitazione-cantonale-80-eoc-ente-ospedaliero-cantonale-bellinzona/;0.00
festivi in ticino;19;720;https://www.frontaliereticino.ch/tasse-e-pensione/festivita-ticino/;2.12
lavoro ticino infermiere;19;170;https://frontaliereticino.ch/cerca-lavoro-ticino/infermieri/;0.00
aziende ticino che assumono;19;70;https://www.frontaliereticino.ch/de/leben-im-tessin/unternehmen-suedschweiz/;0.00
dogana pizzamiglio;20;90;https://www.frontaliereticino.ch/guida-frontaliere/tempi-attesa-dogana/maslianico-roggiana;0.00
se ho lavorato in svizzera risulto disoccupato in italia;20;170;https://www.frontaliereticino.ch/guida-frontaliere/disoccupazione-transfrontaliera;0.00
svizzera disoccupazione;20;210;https://www.frontaliereticino.ch/guida-frontaliere/disoccupazione-transfrontaliera/;0.00
pemsa sa;21;110;https://frontaliereticino.ch/cerca-lavoro-ticino/idraulico-impianti-riscaldamento-pemsa-mendrisio/;0.00
offerte di lavoro come oss in svizzera;21;170;https://www.frontaliereticino.ch/cerca-lavoro-ticino/oss-ticino/;0.00
offerte di lavoro oss in svizzera;21;70;https://frontaliereticino.ch/cerca-lavoro-ticino/oss-ticino/;0.00
ubs conto frontalieri;21;70;https://frontaliereticino.ch/articoli-frontaliere/aprire-conto-bancario-frontalieri/;0.00
aziende italiane svizzera;22;70;https://frontaliereticino.ch/vivere-in-ticino/aziende-svizzera-italiana/;0.00
festivita svizzere;22;170;https://frontaliereticino.ch/tasse-e-pensione/festivita-ticino/;0.00
valico brogeda;22;480;https://www.frontaliereticino.ch/guida-frontaliere/tempi-attesa-dogana/chiasso-brogeda;0.00
festività canton ticino;23;170;https://www.frontaliereticino.ch/tasse-e-pensione/festivita-ticino/;0.00
lavorare in svizzera come educatore;23;110;https://frontaliereticino.ch/cerca-lavoro-ticino/educatori-dell-infanzia/;0.00
se lavoro in svizzera posso prendere la disoccupazione in italia;23;70;https://frontaliereticino.ch/guida-frontaliere/disoccupazione-transfrontaliera/;0.00
offerte lavoro eoc;23;210;https://www.frontaliereticino.ch/cerca-lavoro-ticino/ricerca-lugano-eoc-ente-ospedaliero-cantonale/;0.00
infermiere lugano;23;110;https://frontaliereticino.ch/cerca-lavoro-ticino/infermieri-lis-lugano-istituti-sociali-lugano/;0.00
pamp sa lavora con noi;24;90;https://frontaliereticino.ch/cerca-lavoro-ticino/support-to-head-of-gold-amp-silver-refinery-mks-pamp-castel-san-pietro/;0.00
medacta international sa rancate;24;1300;https://frontaliereticino.ch/cerca-lavoro-ticino/fresator-medacta-international-sa-castel-san-pietro-rancate/;0.00
offerte di lavoro educatrice asilo nido svizzera italiana;25;140;https://frontaliereticino.ch/cerca-lavoro-ticino/educatore-trice-al-70-a-tempo-indeterminato-citta-di-mendrisio-mendrisio/;0.00
comuni frontalieri svizzera;25;90;https://www.frontaliereticino.ch/articoli-frontaliere/migliori-comuni-frontalieri;0.00
concorso ticino;25;110;https://frontaliereticino.ch/cerca-lavoro-ticino/concorsi-per-l-assunzione-di-personale-citta-di-lugano-lugano/;0.00
casale sa;25;170;https://frontaliereticino.ch/cerca-lavoro-ticino/spedizione-casale-sa-lugano/;0.00
offerte lavoro infermieri mendrisio;26;90;https://frontaliereticino.ch/cerca-lavoro-ticino/concorso-generale-2026-infermieri-e-con-specialita-salute-mentale-e-infermieri-e-presso-l-organizzazione-sociopsichiatri/;0.00
calcolo stipendio netto frontaliere;27;70;https://frontaliereticino.ch/calcola-stipendio/;0.00
se ho lavorato in svizzera risulto disoccupato in italia;27;170;https://www.frontaliereticino.ch/guida-frontaliere/disoccupazione-transfrontaliera;0.00
permesso g svizzera;27;260;https://www.frontaliereticino.ch/guida-frontaliere/permessi-di-lavoro/;0.00
cliniche private ticino offerte lavoro oss;27;140;https://www.frontaliereticino.ch/cerca-lavoro-ticino/oss-ticino/;0.00
infermieri lugano offerte lavoro;28;110;https://frontaliereticino.ch/cerca-lavoro-ticino/infermieri-lis-lugano-istituti-sociali-pregassona/;0.00
offerte di lavoro infermiere lugano;28;110;https://frontaliereticino.ch/cerca-lavoro-ticino/infermieri-lis-lugano-istituti-sociali-pregassona/;0.00
festivi in ticino;29;720;https://www.frontaliereticino.ch/tasse-e-pensione/festivita-ticino/;0.00
candidato medico svizzera;29;170;https://www.frontaliereticino.ch/cerca-lavoro-ticino/candidato-medico-medicina-interna-e-o-medicina-intensiva-permette-di-combinare-efficacemente-approccio-locale-e-visione-d-insieme-garantendo/;0.00
pensione svizzera con 20 anni di contributi;29;260;https://www.frontaliereticino.ch/articoli-frontaliere/guida-pensione-frontaliere-avs-lpp/;0.00
pemsa lugano;29;210;https://frontaliereticino.ch/cerca-lavoro-ticino/plombier-experimente-pemsa-lugano/;0.00
offerte di lavoro educatrice asilo nido svizzera italiana;30;140;https://frontaliereticino.ch/cerca-lavoro-ticino/educatori-dell-infanzia/;0.00
guess stabio;30;110;https://frontaliereticino.ch/cerca-lavoro-ticino/senior-product-developpeur-fixed-term-contract-guess-europe-sagl-stabio/;0.00
sintetica s.a.;30;210;https://frontaliereticino.ch/cerca-lavoro-ticino/spontaneous-application-mendrisio-site-ticino-sintetica/;0.00
ibsa svizzera lavora con noi;30;110;https://frontaliereticino.ch/cerca-lavoro-ticino/specialista-supporto-clienti-e-business-ibsa-institut-biochimique-6916-working-area;0.00
medacta international sa rancate;31;1300;https://frontaliereticino.ch/cerca-lavoro-ticino/it-web-developer-medacta-international-sa-rancate/;0.00
permesso g svizzera;31;260;https://www.frontaliereticino.ch/guida-frontaliere/permessi-di-lavoro/;0.00
offerte lavoro educatore svizzera;31;90;https://frontaliereticino.ch/cerca-lavoro-ticino/educatori-ticino/;0.00
pensione svizzera con 20 anni di contributi;31;260;https://www.frontaliereticino.ch/articoli-frontaliere/guida-pensione-frontaliere-avs-lpp/;0.00
permessi di lavoro in svizzera;32;70;https://frontaliereticino.ch/guida-frontaliere/permessi-di-lavoro/;0.00
fisioterapista in svizzera stipendio;32;110;https://frontaliereticino.ch/cerca-lavoro-ticino/fisioterapista-diplomato-a-permette-di-combinare-efficacemente-approccio-locale-e-visione-d-insieme-garantendo-alla-popolazione-un-offerta-o;0.00
offerte di lavoro stabio;32;260;https://frontaliereticino.ch/cerca-lavoro-ticino/ricerca-lavoro-stabio/;0.00
clinica moncucco;33;880;https://frontaliereticino.ch/cerca-lavoro-ticino/unione-clinica-moncucco-e-clinica-santa-chiara-lugano-moncucco/;0.00
calcolo stipendio netto in svizzera;33;390;https://frontaliereticino.ch/calcola-stipendio/;0.00
calcolo stipendio netto frontaliere;33;70;https://frontaliereticino.ch/calcola-stipendio/stipendio-netto-100000-chf-vecchio-frontaliere/;0.00
bizzarone dogana;33;170;https://www.frontaliereticino.ch/guida-frontaliere/tempi-attesa-dogana/;0.00
concorso ticino;33;110;https://frontaliereticino.ch/cerca-lavoro-ticino/concorsi-per-l-assunzione-di-personale-citta-di-lugano-lugano/;0.00
svizzera disoccupazione;33;210;https://www.frontaliereticino.ch/guida-frontaliere/disoccupazione-transfrontaliera/;0.00
offerte lavoro saint moritz;33;320;https://frontaliereticino.ch/cerca-lavoro-ticino/ricerca-st-moritz/;0.00
guess svizzera lavora con noi;33;70;https://frontaliereticino.ch/cerca-lavoro-ticino/e-commerce-content-campaign-specialiste-guess-europe-sagl-bioggio/;0.00
terzo pilastro frontalieri;33;70;https://frontaliereticino.ch/articoli-frontaliere/terzo-pilastro-3a-frontaliere/;0.00
offerte lavoro infermieri lugano;33;110;https://frontaliereticino.ch/cerca-lavoro-ticino/infermieri/;0.00
lista comuni frontalieri svizzera 20 km;33;140;https://frontaliereticino.ch/vivere-in-ticino/comuni-di-frontiera/;0.00
oss svizzera offerte lavoro;33;170;https://www.frontaliereticino.ch/cerca-lavoro-ticino/apprendiste-i-operatrici-tori-sociosanitari-oss/;0.00
feste ticino;33;590;https://www.frontaliereticino.ch/tasse-e-pensione/festivita-ticino/;0.00
canton ticino aziende;34;70;https://www.frontaliereticino.ch/vivere-in-ticino/aziende-svizzera-italiana;0.00
calcolo doppia tassazione svizzera italia;35;110;https://frontaliereticino.ch/;0.00
offerte di lavoro educatrice asilo nido svizzera italiana;35;140;https://frontaliereticino.ch/cerca-lavoro-ticino/educatori-dell-infanzia-lis-lugano-istituti-sociali-lugano/;0.00
chiasso svizzera lavoro;35;140;https://frontaliereticino.ch/cerca-lavoro-ticino/ricerca-chiasso/;0.00
dogana chiasso-strada;35;590;https://frontaliereticino.ch/guida-frontaliere/tempi-attesa-dogana/chiasso-centro/;0.00
pemsa lugano;35;210;https://frontaliereticino.ch/cerca-lavoro-ticino/elettricista-pemsa-lugano/;0.00
pamp sa lavora con noi;36;90;https://www.frontaliereticino.ch/cerca-lavoro-ticino/metal-amp-inventory-controller-mks-pamp-castel-san-pietro/;0.00
lavoro chiasso svizzera;36;170;https://frontaliereticino.ch/cerca-lavoro-ticino/ricerca-chiasso/;0.00
calcolo tasse frontalieri oltre 20 km;36;110;https://www.frontaliereticino.ch/;0.00
lavoro in svizzera mendrisio;36;110;https://frontaliereticino.ch/cerca-lavoro-ticino/azienda-citta-di-mendrisio/;0.00
bioggio guess;37;110;https://frontaliereticino.ch/cerca-lavoro-ticino/senior-merchandiser-e-commerce-guess-europe-sagl-bioggio/;0.00
guess europe sagl;37;1900;https://frontaliereticino.ch/cerca-lavoro-ticino/e-commerce-senior-merchandiser-guess-europe-sagl-bioggio-ticino-switzerland/;0.00
dogana chiasso strada;37;1000;https://www.frontaliereticino.ch/en/cross-border-guide/border-waiting-times/chiasso-strada;0.00
offerte di lavoro a bellinzona;37;260;https://frontaliereticino.ch/cerca-lavoro-ticino/ricerca-bellinzona/;0.00
affitto annuale druogno;37;90;https://frontaliereticino.ch/guida-frontaliere/confronta-permesso-g-vs-b/;0.00
permesso g;37;170;https://www.frontaliereticino.ch/guida-frontaliere/permessi-di-lavoro/;0.00
confine svizzera;37;110;https://www.frontaliereticino.ch/vivere-in-ticino/comuni-di-frontiera/;0.00
lavoro bellinzona;37;170;https://frontaliereticino.ch/cerca-lavoro-ticino/ricerca-bellinzona/;0.00
chiasso lavoro offerte;38;720;https://frontaliereticino.ch/cerca-lavoro-ticino/ricerca-chiasso/;0.00
radar ticino;38;90;https://frontaliereticino.ch/articoli-frontaliere/ticino-attenti-ai-radar-2026/;0.00
lavoro chiasso offerte;38;210;https://frontaliereticino.ch/cerca-lavoro-ticino/ricerca-chiasso/;0.00
dogana brusino arsizio;38;90;https://frontaliereticino.ch/guida-frontaliere/tempi-attesa-dogana/porto-ceresio-brusino/;0.00
scuole private ticino lavora con noi;38;110;https://frontaliereticino.ch/en/find-jobs-ticino/expression-of-interest-international-school-of-ticino-international-school-of-ticino-lugano-xet5xc/;0.00
casale lugano;39;170;https://frontaliereticino.ch/cerca-lavoro-ticino/hse-spezialist-casale-sa-lugano-ticino-b892fl/;0.00
medacta international sa rancate;39;1300;https://frontaliereticino.ch/cerca-lavoro-ticino/r-d-project-engineer-hip-medacta-international-sa-rancate/;0.00
stabio offerte di lavoro;39;140;https://frontaliereticino.ch/cerca-lavoro-ticino/ricerca-lavoro-stabio/;0.00
calcolo stipendio netto frontaliere;40;70;https://frontaliereticino.ch/calcola-stipendio/stipendio-netto-60000-chf-residenza-entro-20km/;0.00
imposta alla fonte;40;90;https://www.frontaliereticino.ch/glossario-frontaliere/imposta-alla-fonte;0.00
lavoro frontalieri svizzera;41;140;https://www.frontaliereticino.ch/cerca-lavoro-ticino/;0.00
prada career opportunities;41;1000;https://frontaliereticino.ch/en/find-jobs-ticino/company-prada-group/;0.00
lamal;41;590;https://www.frontaliereticino.ch/glossario-frontaliere/lamal/;0.00
railservice;41;110;https://frontaliereticino.ch/cerca-lavoro-ticino/kunden-und-reiseberater-in-railservice-80-100-ferrovia-retica-bernina/;0.00
cambio ticino ch;41;90;https://frontaliereticino.ch/glossario-frontaliere/tasso-di-cambio/;0.00
lavoro in svizzera mendrisio;41;110;https://frontaliereticino.ch/cerca-lavoro-ticino/azienda-citta-di-mendrisio/;0.00
offerte di lavoro architetto ticino;41;70;https://frontaliereticino.ch/en/find-jobs-ticino/architekt-in-80-100-citta-di-mendrisio-mendrisio/;0.00
cuoco lugano;42;70;https://www.frontaliereticino.ch/cerca-lavoro-ticino/capisquadra-chef-di-cucina/;0.00
pamp sa lavora con noi;42;90;https://www.frontaliereticino.ch/cerca-lavoro-ticino/metal-amp-inventory-controller-mks-pamp-castel-san-pietro/;0.00
aziende svizzera italiana;42;70;https://www.frontaliereticino.ch/vivere-in-ticino/aziende-svizzera-italiana/;0.00
stabio offerte di lavoro;42;140;https://frontaliereticino.ch/cerca-lavoro-ticino/ricerca-lavoro-stabio/;0.00
dogana gandria;42;170;https://frontaliereticino.ch/guida-frontaliere/tempi-attesa-dogana/oria-gandria/;0.00
calcolatore stipendio netto svizzera;42;390;https://www.frontaliereticino.ch/;0.00
permessi di lavoro in svizzera;43;70;https://frontaliereticino.ch/guida-frontaliere/permessi-di-lavoro/;0.00
aziende ticino;43;170;https://frontaliereticino.ch/vivere-in-ticino/aziende-svizzera-italiana/;0.00
comuni frontalieri svizzera 2025;43;110;https://www.frontaliereticino.ch/articoli-frontaliere/migliori-comuni-frontalieri;0.00
disoccupazione svizzera;43;210;https://frontaliereticino.ch/guida-frontaliere/disoccupazione-transfrontaliera/;0.00
pemsa lugano;43;210;https://frontaliereticino.ch/de/jobs-im-tessin/ausgaben-pemsa-lugano/;0.00
guess stabio;44;110;https://frontaliereticino.ch/cerca-lavoro-ticino/product-entwickler-apparel-guess-europe-sagl-stabio/;0.00
offerte di lavoro - chiasso e mendrisio;44;110;https://frontaliereticino.ch/cerca-lavoro-ticino/ricerca-chiasso/;0.00
chiasso zoll;44;1000;https://www.frontaliereticino.ch/de/grenzgaenger-ratgeber/wartezeiten-grenze/chiasso-brogeda/;0.00
chiasso cerco lavoro;45;140;https://frontaliereticino.ch/cerca-lavoro-ticino/ricerca-chiasso/;0.00
guess europe sagl switzerland;45;2400;https://frontaliereticino.ch/en/find-jobs-ticino/product-developer-jewellery-guess-europe-sagl-bioggio/;0.00
case anziani ticino offerte di lavoro;45;210;https://frontaliereticino.ch/cerca-lavoro-ticino/collaboratori-sanitari/;0.00
offerte lavoro educatore svizzera;45;90;https://frontaliereticino.ch/cerca-lavoro-ticino/educatore-trice-al-70-a-tempo-indeterminato-citta-di-mendrisio-mendrisio/;0.00
lavoro offerte ticino;45;1000;https://frontaliereticino.ch/cerca-lavoro-ticino/;0.00
giorni festivi ticino 2025;45;210;https://frontaliereticino.ch/tasse-e-pensione/festivita-ticino/;0.00
aziende in ticino;45;140;https://www.frontaliereticino.ch/vivere-in-ticino/aziende-svizzera-italiana/;0.00
clinica moncucco;46;880;https://frontaliereticino.ch/cerca-lavoro-ticino/clinica-moncucco-gruppo-ospedaliero-moncucco-lugano/;0.00
calcolo stipendio netto in svizzera;46;390;https://frontaliereticino.ch/;0.00
ibsa lugano offerte lavoro;46;90;https://frontaliereticino.ch/cerca-lavoro-ticino/contractors-audits-specialista-ibsa-institut-biochimique-montagnola/;0.00
prezzi benzina svizzera;46;210;https://frontaliereticino.ch/statistiche/prezzi-benzina-confine/;0.00
simulazione tasse nuovi frontalieri;46;90;https://frontaliereticino.ch/tasse-e-pensione/simulazione-tasse-nuovi-frontalieri/;0.00
dogana chiasso-strada;46;590;https://frontaliereticino.ch/guida-frontaliere/tempi-attesa-dogana/chiasso-centro/;0.00
calcolo stipendio netto svizzera frontaliere;46;170;https://www.frontaliereticino.ch/calcola-stipendio/confronta-retribuzione-ral/;0.00
permesso lavoro svizzera;47;320;https://www.frontaliereticino.ch/guida-frontaliere/permessi-di-lavoro/;0.00
lavoro a locarno;48;390;https://frontaliereticino.ch/cerca-lavoro-ticino/ricerca-locarno/;0.00
dogana di marcetto;48;170;https://frontaliereticino.ch/articoli-frontaliere/multe-vignetta-chiasso-2026/;0.00
offerte di lavoro bellinzona;48;210;https://frontaliereticino.ch/cerca-lavoro-ticino/ricerca-bellinzona/;0.00
cambia valute ch;48;3600;https://frontaliereticino.ch/compara-servizi/cambio-franco-euro/;0.00
ponte tresa dogana;48;90;https://frontaliereticino.ch/guida-frontaliere/tempi-attesa-dogana/ponte-tresa/;0.00
offerte di lavoro chiasso svizzera;48;110;https://frontaliereticino.ch/cerca-lavoro-ticino/ricerca-chiasso/;0.00
avs svizzera calcolo;48;70;https://www.frontaliereticino.ch/fr/articles-frontalier/calcul-retraite-frontalier-avs-inps-guide-complet;0.00
calcolatore stipendio netto svizzera;48;390;https://www.frontaliereticino.ch/de/gehalt-berechnen/lohnabrechnung-simulieren;0.00
casale lugano;49;170;https://frontaliereticino.ch/cerca-lavoro-ticino/instrument-ingegnere-casale-sa-lugano/;0.00
ho lavorato 10 anni in svizzera quanto prenderò di pensione;49;90;https://frontaliereticino.ch/tasse-e-pensione/calcola-previdenza/;0.00
confini italia svizzera cartina;49;140;https://frontaliereticino.ch/vivere-in-ticino/comuni-di-frontiera/;0.00
lavorare a mendrisio svizzera;49;90;https://frontaliereticino.ch/cerca-lavoro-ticino/azienda-citta-di-mendrisio/;0.00
casale sa;49;170;https://frontaliereticino.ch/en/find-jobs-ticino/company-casale-sa/;0.00
comuni frontalieri svizzera;50;90;https://www.frontaliereticino.ch/de/grenzgaenger-ratgeber/grenzkarte;0.00
calcolo stipendio netto frontaliere;50;70;https://frontaliereticino.ch/calcolo-tredicesima-frontaliere/;0.00
ibsa lugano offerte lavoro;50;90;https://frontaliereticino.ch/cerca-lavoro-ticino/specialista-supporto-cliente-e-affari-ibsa-institut-biochimique-montagnola/;0.00
oss svizzera offerte lavoro;50;170;https://www.frontaliereticino.ch/cerca-lavoro-ticino/apprendiste-i-operatrici-tori-sociosanitari-oss/;0.00
infermiere lugano;50;110;https://frontaliereticino.ch/de/jobs-im-tessin/krankenschwestern-lis-lugano-istituti-sociali-pregassona/;0.00
calcolo stipendio netto svizzera frontaliere;50;170;https://www.frontaliereticino.ch/fr/calculer-salaire/salaire-net-80000-chf;0.00
chiasso lavoro offerte;51;720;https://frontaliereticino.ch/cerca-lavoro-ticino/ricerca-chiasso/;0.00
calcolo stipendio netto frontaliere;51;70;https://frontaliereticino.ch/calcola-stipendio/stipendio-netto-60000-chf-1-figlio-entro-20km/;0.00
infermieristica lugano;51;70;https://frontaliereticino.ch/cerca-lavoro-ticino/infermieri-lis-lugano-istituti-sociali-lugano/;0.00
candidato medico svizzera;51;170;https://www.frontaliereticino.ch/cerca-lavoro-ticino/medici-assistenti-in-formazione-medicina-interna-eoc-ente-ospedaliero-cantonale-bellinzona;0.00
bellinzona offerte di lavoro;51;210;https://frontaliereticino.ch/cerca-lavoro-ticino/ricerca-bellinzona/;0.00
lavoro a chiasso svizzera;51;140;https://frontaliereticino.ch/cerca-lavoro-ticino/ricerca-chiasso/;0.00
targare auto svizzera;51;140;https://www.frontaliereticino.ch/guida-frontaliere/trasferire-auto-svizzera/;0.00
calcolo stipendio netto frontaliere;52;70;https://frontaliereticino.ch/articoli-frontaliere/stipendio-netto-frontaliere-2026/;0.00
infermieri lugano offerte lavoro;52;110;https://frontaliereticino.ch/cerca-lavoro-ticino/assistenti-di-cura-lis-lugano-istituti-sociali-lugano/;0.00
offerte lavoro eoc;52;210;https://frontaliereticino.ch/en/find-jobs-ticino/company-casale-sa/;0.00
